Price,Date copied,Open Price,High,Low,Closing price,Vol.,Change %,Column1, Daily volatility in $ ,Daily volatility in %
"3,201.38","Jul 16, 2020","3,217.12","3,217.25","3,197.38","3,201.38",-,-0.56%,1%, $19.87 ,1%
"3,219.50","Jul 15, 2020","3,204.00","3,233.25","3,192.00","3,219.50",1.94M,1.13%,1%, $41.25 ,1%
"3,183.50","Jul 14, 2020","3,149.75","3,192.25","3,119.00","3,183.50",2.26M,1.12%,1%, $73.25 ,2%
"3,148.25","Jul 13, 2020","3,183.50","3,226.25","3,140.50","3,148.25",2.07M,-0.95%,1%, $85.75 ,3%
"3,178.50","Jul 10, 2020","3,142.25","3,181.25","3,111.50","3,178.50",1.41M,1.19%,1%, $69.75 ,2%
"3,141.00","Jul 09, 2020","3,166.25","3,170.75","3,105.25","3,141.00",1.88M,-0.71%,1%, $65.50 ,2%
"3,163.50","Jul 08, 2020","3,135.25","3,166.25","3,125.50","3,163.50",1.53M,0.86%,1%, $40.75 ,1%
"3,136.50","Jul 07, 2020","3,170.00","3,184.00","3,132.50","3,136.50",1.33M,-1.12%,1%, $51.50 ,2%
"3,172.00","Jul 06, 2020","3,121.25","3,174.50","3,121.25","3,172.00",1.46M,1.81%,2%, $53.25 ,2%
"3,115.62","Jul 03, 2020","3,126.62","3,138.62","3,105.75","3,115.62",-,-0.43%,0%, $32.87 ,1%
"3,129.00","Jul 02, 2020","3,101.75","3,156.50","3,095.50","3,129.00",1.55M,0.84%,1%, $61.00 ,2%
"3,103.00","Jul 01, 2020","3,085.25","3,117.75","3,062.75","3,103.00",1.54M,0.41%,0%, $55.00 ,2%
"3,109.00","Jun 18, 2020","3,115.00","3,130.50","3,075.25","3,109.00",373.72K,-0.29%,0%, $55.25 ,2%
"3,118.00","Jun 17, 2020","3,122.00","3,157.75","3,105.00","3,118.00",610.88K,-0.34%,0%, $52.75 ,2%
"3,128.75","Jun 16, 2020","3,076.25","3,167.75","3,071.25","3,128.75",1.38M,1.81%,2%, $96.50 ,3%
"3,073.00","Jun 15, 2020","2,992.75","3,079.25","2,935.00","3,073.00",1.95M,1.26%,1%, $144.25 ,5%
"3,034.75","Jun 12, 2020","3,011.75","3,087.75","2,982.00","3,034.75",2.87M,0.81%,1%, $105.75 ,4%
"3,010.25","Jun 11, 2020","3,183.75","3,188.50","2,996.25","3,010.25",3.53M,-5.52%,6%, $192.25 ,6%
"3,186.00","Jun 10, 2020","3,204.75","3,227.25","3,179.75","3,186.00",2.00M,-0.61%,1%, $47.50 ,1%
"3,205.50","Jun 09, 2020","3,227.75","3,231.00","3,190.00","3,205.50",1.70M,-0.68%,1%, $41.00 ,1%
"3,227.50","Jun 08, 2020","3,192.50","3,231.25","3,183.25","3,227.50",1.60M,1.28%,1%, $48.00 ,2%
"3,186.75","Jun 05, 2020","3,113.25","3,210.50","3,106.50","3,186.75",2.44M,2.45%,2%, $104.00 ,3%
"3,110.50","Jun 04, 2020","3,117.75","3,126.75","3,087.50","3,110.50",1.83M,-0.23%,0%, $39.25 ,1%
"3,117.75","Jun 03, 2020","3,078.00","3,129.50","3,074.25","3,117.75",1.62M,1.32%,1%, $55.25 ,2%
"3,077.00","Jun 02, 2020","3,052.75","3,079.00","3,035.00","3,077.00",1.46M,0.75%,1%, $44.00 ,1%
"3,054.00","Jun 01, 2020","3,029.75","3,059.00","3,008.00","3,054.00",1.28M,0.39%,0%, $51.00 ,2%
"3,042.00","May 29, 2020","3,036.00","3,058.25","2,992.00","3,042.00",2.26M,0.13%,0%, $66.25 ,2%
"3,038.00","May 28, 2020","3,035.00","3,065.50","3,019.50","3,038.00",1.88M,0.08%,0%, $46.00 ,2%
"3,035.50","May 27, 2020","2,994.00","3,039.50","2,965.50","3,035.50",2.11M,1.37%,1%, $74.00 ,2%
"2,994.50","May 26, 2020","2,948.50","3,019.75","2,947.50","2,994.50",1.80M,0.42%,0%, $72.25 ,2%
"2,982.12","May 25, 2020","2,967.38","2,989.88","2,954.38","2,982.12",-,0.51%,1%, $35.50 ,1%
"2,967.12","May 24, 2020","2,947.88","2,968.62","2,947.88","2,967.12",-,0.48%,0%, $20.74 ,1%
"2,953.00","May 22, 2020","2,936.75","2,957.50","2,903.75","2,953.00",1.38M,0.54%,1%, $53.75 ,2%
"2,937.00","May 21, 2020","2,972.25","2,973.50","2,933.00","2,937.00",1.61M,-1.06%,1%, $40.50 ,1%
"2,968.50","May 20, 2020","2,913.50","2,975.75","2,908.50","2,968.50",1.53M,1.70%,2%, $67.25 ,2%
"2,918.75","May 19, 2020","2,945.00","2,976.25","2,914.25","2,918.75",1.57M,-0.99%,1%, $62.00 ,2%
"2,948.00","May 18, 2020","2,859.75","2,964.75","2,850.00","2,948.00",1.78M,3.57%,4%, $114.75 ,4%
"2,846.50","May 15, 2020","2,846.25","2,863.50","2,809.50","2,846.50",1.90M,-0.02%,0%, $54.00 ,2%
"2,847.00","May 14, 2020","2,820.25","2,853.75","2,760.25","2,847.00",2.50M,1.21%,1%, $93.50 ,3%
"2,813.00","May 13, 2020","2,839.75","2,876.75","2,786.00","2,813.00",2.59M,-1.38%,1%, $90.75 ,3%
"2,852.50","May 12, 2020","2,919.25","2,939.25","2,838.00","2,852.50",1.82M,-2.40%,2%, $101.25 ,3%
"2,922.75","May 11, 2020","2,920.75","2,947.00","2,889.75","2,922.75",1.53M,-0.20%,0%, $57.25 ,2%
"2,928.50","May 08, 2020","2,882.00","2,933.00","2,879.75","2,928.50",1.33M,1.68%,2%, $53.25 ,2%
"2,880.00","May 07, 2020","2,832.00","2,895.00","2,823.00","2,880.00",1.49M,1.64%,2%, $72.00 ,3%
"2,833.50","May 06, 2020","2,857.75","2,886.25","2,832.00","2,833.50",1.47M,-0.87%,1%, $54.25 ,2%
"2,858.25","May 05, 2020","2,827.00","2,889.75","2,824.50","2,858.25",1.47M,1.17%,1%, $65.25 ,2%
"2,825.25","May 04, 2020","2,789.00","2,835.75","2,771.00","2,825.25",1.51M,0.12%,0%, $64.75 ,2%
"2,821.75","May 01, 2020","2,871.50","2,879.75","2,811.75","2,821.75",1.65M,-2.78%,3%, $68.00 ,2%
"2,902.50","Apr 30, 2020","2,956.50","2,965.00","2,878.00","2,902.50",2.03M,-1.31%,1%, $87.00 ,3%
"2,941.00","Apr 29, 2020","2,870.50","2,959.75","2,860.75","2,941.00",1.74M,2.57%,3%, $99.00 ,3%
"2,867.25","Apr 28, 2020","2,867.75","2,913.50","2,851.00","2,867.25",1.61M,-0.06%,0%, $62.50 ,2%
"2,869.00","Apr 27, 2020","2,829.00","2,881.25","2,812.75","2,869.00",1.22M,1.40%,1%, $68.50 ,2%
"2,829.50","Apr 24, 2020","2,777.00","2,835.00","2,755.25","2,829.50",1.29M,1.75%,2%, $79.75 ,3%
"2,780.75","Apr 23, 2020","2,790.50","2,836.75","2,772.75","2,780.75",1.70M,-0.28%,0%, $64.00 ,2%
"2,788.50","Apr 22, 2020","2,737.25","2,808.00","2,717.25","2,788.50",1.37M,2.07%,2%, $90.75 ,3%
"2,732.00","Apr 21, 2020","2,807.00","2,833.25","2,717.25","2,732.00",1.97M,-2.65%,3%, $116.00 ,4%
"2,806.50","Apr 20, 2020","2,861.50","2,875.50","2,804.25","2,806.50",1.57M,-2.21%,2%, $71.25 ,2%
"2,870.00","Apr 17, 2020","2,863.00","2,885.00","2,821.00","2,870.00",1.92M,2.96%,3%, $64.00 ,2%
"2,787.50","Apr 16, 2020","2,767.75","2,831.50","2,746.00","2,787.50",1.75M,0.45%,0%, $85.50 ,3%
"2,775.00","Apr 15, 2020","2,843.75","2,845.50","2,751.25","2,775.00",1.83M,-2.39%,2%, $94.25 ,3%
"2,843.00","Apr 14, 2020","2,760.00","2,846.00","2,752.50","2,843.00",1.72M,3.04%,3%, $93.50 ,3%
"2,759.25","Apr 13, 2020","2,811.00","2,819.50","2,711.00","2,759.25",1.57M,-1.00%,1%, $108.50 ,4%
"2,787.25","Apr 10, 2020","2,787.25","2,787.25","2,787.25","2,787.25",-,0.27%,0%, $-   ,0%
"2,779.75","Apr 09, 2020","2,737.75","2,809.50","2,701.00","2,779.75",2.34M,1.64%,2%, $108.50 ,4%
"2,735.00","Apr 08, 2020","2,640.50","2,752.50","2,620.75","2,735.00",1.92M,3.52%,4%, $131.75 ,5%
"2,642.00","Apr 07, 2020","2,645.50","2,750.00","2,623.50","2,642.00",2.49M,-0.09%,0%, $126.50 ,5%
"2,644.50","Apr 06, 2020","2,485.00","2,668.50","2,484.75","2,644.50",2.03M,6.51%,7%, $183.75 ,7%
"2,482.75","Apr 03, 2020","2,513.75","2,529.50","2,449.00","2,482.75",1.76M,-1.34%,1%, $80.50 ,3%
"2,516.50","Apr 02, 2020","2,459.00","2,525.00","2,424.75","2,516.50",2.15M,2.80%,3%, $100.25 ,4%
"2,448.00","Apr 01, 2020","2,562.00","2,562.25","2,434.25","2,448.00",2.09M,-4.74%,5%, $128.00 ,5%
"2,569.75","Mar 31, 2020","2,613.25","2,635.75","2,555.75","2,569.75",2.25M,-1.59%,2%, $80.00 ,3%
"2,611.25","Mar 30, 2020","2,459.00","2,621.75","2,445.00","2,611.25",1.84M,3.46%,3%, $176.75 ,7%
"2,524.00","Mar 27, 2020","2,627.75","2,634.50","2,505.25","2,524.00",-,-3.22%,3%, $129.25 ,5%
"2,608.00","Mar 26, 2020","2,471.00","2,625.75","2,402.25","2,608.00",-,5.72%,6%, $223.50 ,9%
"2,467.00","Mar 25, 2020","2,442.75","2,560.75","2,386.00","2,467.00",-,1.19%,1%, $174.75 ,7%
"2,438.00","Mar 24, 2020","2,233.25","2,447.75","2,230.50","2,438.00",-,9.80%,10%, $217.25 ,10%
"2,220.50","Mar 23, 2020","2,220.25","2,386.00","2,174.00","2,220.50",-,-8.92%,9%, $212.00 ,10%
"2,437.98","Mar 20, 2020","2,364.25","2,512.75","2,346.25","2,437.98",71.68K,1.45%,1%, $166.50 ,7%
"2,403.25","Mar 19, 2020","2,414.25","2,474.00","2,288.00","2,403.25",631.23K,-0.45%,0%, $186.00 ,8%
"2,414.00","Mar 18, 2020","2,478.50","2,498.00","2,274.75","2,414.00",976.54K,-3.27%,3%, $223.25 ,9%
"2,495.50","Mar 17, 2020","2,417.25","2,554.50","2,365.00","2,495.50",1.68M,3.28%,3%, $189.50 ,8%
"2,416.25","Mar 16, 2020","2,673.75","2,675.00","2,360.25","2,416.25",2.38M,-10.38%,10%, $314.75 ,12%
"2,696.00","Mar 13, 2020","2,429.50","2,707.75","2,393.50","2,696.00",3.42M,9.19%,9%, $314.25 ,13%
"2,469.00","Mar 12, 2020","2,738.00","2,774.00","2,442.50","2,469.00",4.37M,-9.90%,10%, $331.50 ,12%
"2,740.25","Mar 11, 2020","2,859.50","2,869.50","2,702.75","2,740.25",2.99M,-4.38%,4%, $166.75 ,6%
"2,865.75","Mar 10, 2020","2,733.00","2,884.75","2,695.25","2,865.75",3.42M,4.29%,4%, $189.50 ,7%
"2,747.75","Mar 09, 2020","2,916.00","2,916.00","2,715.00","2,747.75",2.67M,-7.30%,7%, $201.00 ,7%
"2,964.00","Mar 06, 2020","3,024.25","3,037.00","2,898.00","2,964.00",3.16M,-1.71%,2%, $139.00 ,5%
"3,015.50","Mar 05, 2020","3,109.25","3,113.75","2,996.50","3,015.50",2.81M,-3.19%,3%, $117.25 ,4%
"3,114.75","Mar 04, 2020","2,988.25","3,129.50","2,976.50","3,114.75",2.59M,3.93%,4%, $153.00 ,5%
"2,997.00","Mar 03, 2020","3,077.00","3,137.00","2,973.00","2,997.00",3.75M,-2.22%,2%, $164.00 ,5%
"3,065.00","Mar 02, 2020","2,900.00","3,093.25","2,889.25","3,065.00",3.69M,3.86%,4%, $204.00 ,7%
"2,951.00","Feb 28, 2020","2,950.00","2,996.00","2,853.25","2,951.00",5.72M,-0.20%,0%, $142.75 ,5%
"2,957.00","Feb 27, 2020","3,100.25","3,117.00","2,944.50","2,957.00",4.73M,-4.93%,5%, $172.50 ,6%
"3,110.25","Feb 26, 2020","3,138.00","3,182.00","3,091.00","3,110.25",3.89M,-0.71%,1%, $91.00 ,3%
"3,132.50","Feb 25, 2020","3,223.00","3,259.50","3,117.25","3,132.50",4.38M,-2.91%,3%, $142.25 ,4%
"3,226.25","Feb 24, 2020","3,309.00","3,312.00","3,213.75","3,226.25",3.64M,-3.38%,3%, $98.25 ,3%
"3,339.25","Feb 21, 2020","3,367.00","3,369.25","3,328.00","3,339.25",2.29M,-0.89%,1%, $41.25 ,1%
"3,369.25","Feb 20, 2020","3,391.75","3,397.50","3,339.25","3,369.25",2.07M,-0.53%,1%, $58.25 ,2%
"3,387.25","Feb 19, 2020","3,372.00","3,393.75","3,370.75","3,387.25",1.16M,0.53%,1%, $23.00 ,1%
"3,369.25","Feb 18, 2020","3,382.25","3,392.50","3,355.25","3,369.25",1.74M,-0.20%,0%, $37.25 ,1%
"3,376.00","Feb 17, 2020","3,387.62","3,392.38","3,372.12","3,376.00",-,-0.34%,0%, $20.26 ,1%
"3,387.38","Feb 16, 2020","3,382.62","3,389.38","3,382.62","3,387.38",-,0.19%,0%, $6.76 ,0%
"3,381.00","Feb 14, 2020","3,379.50","3,388.50","3,365.25","3,381.00",1.33M,0.10%,0%, $23.25 ,1%
"3,377.50","Feb 13, 2020","3,381.25","3,384.75","3,348.50","3,377.50",1.77M,-0.09%,0%, $36.25 ,1%
"3,380.50","Feb 12, 2020","3,360.50","3,381.50","3,355.50","3,380.50",1.23M,0.69%,1%, $26.00 ,1%
"3,357.50","Feb 11, 2020","3,351.00","3,374.50","3,349.25","3,357.50",1.49M,0.13%,0%, $25.25 ,1%
"3,353.00","Feb 10, 2020","3,322.25","3,353.50","3,303.50","3,353.00",1.40M,0.83%,1%, $50.00 ,2%
"3,325.50","Feb 07, 2020","3,349.00","3,350.00","3,320.75","3,325.50",1.70M,-0.59%,1%, $29.25 ,1%
"3,345.25","Feb 06, 2020","3,337.00","3,357.75","3,332.50","3,345.25",1.46M,0.31%,0%, $25.25 ,1%
"3,335.00","Feb 05, 2020","3,300.25","3,338.00","3,288.25","3,335.00",2.05M,1.08%,1%, $49.75 ,2%
"3,299.50","Feb 04, 2020","3,244.25","3,305.25","3,236.00","3,299.50",1.70M,1.66%,2%, $69.25 ,2%
"3,245.50","Feb 03, 2020","3,222.75","3,267.25","3,222.00","3,245.50",1.92M,0.67%,1%, $45.25 ,1%
"3,224.00","Jan 31, 2020","3,292.00","3,297.50","3,212.75","3,224.00",3.15M,-2.00%,2%, $84.75 ,3%
"3,289.75","Jan 30, 2020","3,271.50","3,295.25","3,239.75","3,289.75",2.42M,0.53%,1%, $55.50 ,2%
"3,272.50","Jan 29, 2020","3,281.75","3,292.75","3,265.25","3,272.50",1.67M,-0.18%,0%, $27.50 ,1%
"3,278.25","Jan 28, 2020","3,239.50","3,285.00","3,238.75","3,278.25",1.91M,1.20%,1%, $46.25 ,1%
"3,239.50","Jan 27, 2020","3,269.75","3,269.75","3,233.00","3,239.50",2.58M,-1.64%,2%, $36.75 ,1%
"3,293.50","Jan 24, 2020","3,326.50","3,337.00","3,280.50","3,293.50",2.52M,-0.98%,1%, $56.50 ,2%
"3,326.00","Jan 23, 2020","3,317.25","3,327.00","3,301.25","3,326.00",1.72M,0.19%,0%, $25.75 ,1%
"3,319.75","Jan 22, 2020","3,321.25","3,337.50","3,315.25","3,319.75",1.51M,0.01%,0%, $22.25 ,1%
"3,319.50","Jan 21, 2020","3,325.00","3,329.75","3,307.25","3,319.50",1.57M,-0.10%,0%, $22.50 ,1%
"3,322.88","Jan 20, 2020","3,327.88","3,328.38","3,318.62","3,322.88",-,-0.06%,0%, $9.76 ,0%
"3,325.00","Jan 17, 2020","3,316.75","3,330.25","3,316.00","3,325.00",1.31M,0.26%,0%, $14.25 ,0%
"3,316.50","Jan 16, 2020","3,294.25","3,318.00","3,294.00","3,316.50",1.34M,0.69%,1%, $24.00 ,1%
"3,293.75","Jan 15, 2020","3,287.75","3,299.00","3,277.75","3,293.75",1.47M,0.17%,0%, $21.25 ,1%
"3,288.00","Jan 14, 2020","3,289.25","3,296.75","3,275.25","3,288.00",1.69M,-0.05%,0%, $21.50 ,1%
"3,289.75","Jan 13, 2020","3,265.75","3,291.00","3,265.50","3,289.75",1.01M,0.77%,1%, $25.50 ,1%
"3,264.75","Jan 10, 2020","3,275.50","3,287.00","3,260.75","3,264.75",1.53M,-0.34%,0%, $26.25 ,1%
"3,276.00","Jan 09, 2020","3,261.25","3,276.75","3,257.75","3,276.00",1.30M,0.48%,0%, $19.00 ,1%
"3,260.25","Jan 08, 2020","3,231.75","3,267.75","3,181.00","3,260.25",2.28M,0.77%,1%, $86.75 ,3%
"3,235.25","Jan 07, 2020","3,243.50","3,254.50","3,226.00","3,235.25",1.29M,-0.25%,0%, $28.50 ,1%
"3,243.50","Jan 06, 2020","3,220.25","3,249.50","3,208.75","3,243.50",1.50M,0.25%,0%, $40.75 ,1%
"3,235.50","Jan 03, 2020","3,261.00","3,263.50","3,206.75","3,235.50",1.76M,-0.72%,1%, $56.75 ,2%
"3,259.00","Jan 02, 2020","3,237.00","3,261.75","3,234.25","3,259.00",1.42M,0.66%,1%, $27.50 ,1%
"3,237.62","Jan 01, 2020","3,236.00","3,240.62","3,234.88","3,237.62",-,0.20%,0%, $5.74 ,0%
"3,231.00","Dec 31, 2019","3,223.25","3,236.25","3,213.00","3,231.00",1.16M,0.23%,0%, $23.25 ,1%
"3,223.50","Dec 30, 2019","3,238.25","3,244.25","3,217.25","3,223.50",1.12M,-0.43%,0%, $27.00 ,1%
"3,237.50","Dec 27, 2019","3,242.00","3,254.00","3,235.50","3,237.50",984.39K,-0.22%,0%, $18.50 ,1%
"3,244.50","Dec 26, 2019","3,227.50","3,244.75","3,227.00","3,244.50",464.64K,0.53%,1%, $17.75 ,1%
"3,227.38","Dec 25, 2019","3,226.25","3,228.12","3,226.25","3,227.38",-,0.05%,0%, $1.87 ,0%
"3,225.75","Dec 24, 2019","3,228.25","3,231.25","3,222.50","3,225.75",297.97K,-0.05%,0%, $8.75 ,0%
"3,227.25","Dec 23, 2019","3,227.00","3,234.25","3,224.25","3,227.25",665.90K,-0.12%,0%, $10.00 ,0%
"3,231.02","Dec 20, 2019","3,208.50","3,220.25","3,204.25","3,231.02",46.15K,0.75%,1%, $16.00 ,0%
"3,207.10","Dec 19, 2019","3,195.00","3,209.00","3,190.25","3,207.10",433.42K,0.39%,0%, $18.75 ,1%
"3,194.75","Dec 18, 2019","3,189.50","3,199.00","3,188.50","3,194.75",582.63K,0.09%,0%, $10.50 ,0%
"3,192.00","Dec 17, 2019","3,192.50","3,199.25","3,187.75","3,192.00",1.03M,-0.07%,0%, $11.50 ,0%
"3,194.25","Dec 16, 2019","3,176.50","3,198.75","3,173.75","3,194.25",1.41M,0.70%,1%, $25.00 ,1%
"3,172.00","Dec 13, 2019","3,175.75","3,185.00","3,156.75","3,172.00",1.83M,0.13%,0%, $28.25 ,1%
"3,168.00","Dec 12, 2019","3,144.00","3,177.50","3,137.25","3,168.00",2.38M,0.80%,1%, $40.25 ,1%
"3,143.00","Dec 11, 2019","3,135.50","3,144.50","3,129.50","3,143.00",1.23M,0.22%,0%, $15.00 ,0%
"3,136.00","Dec 10, 2019","3,133.50","3,143.00","3,116.25","3,136.00",1.43M,0.05%,0%, $26.75 ,1%
"3,134.50","Dec 09, 2019","3,146.50","3,149.50","3,131.25","3,134.50",1.15M,-0.37%,0%, $18.25 ,1%
"3,146.00","Dec 06, 2019","3,117.75","3,151.00","3,117.00","3,146.00",1.30M,0.91%,1%, $34.00 ,1%
"3,117.75","Dec 05, 2019","3,111.00","3,124.75","3,103.25","3,117.75",1.32M,0.22%,0%, $21.50 ,1%
"3,111.00","Dec 04, 2019","3,091.75","3,119.50","3,081.75","3,111.00",1.49M,0.65%,1%, $37.75 ,1%
"3,091.00","Dec 03, 2019","3,114.25","3,121.75","3,069.50","3,091.00",2.15M,-0.75%,1%, $52.25 ,2%
"3,114.25","Dec 02, 2019","3,146.25","3,158.00","3,110.25","3,114.25",1.93M,-0.94%,1%, $47.75 ,2%
"3,143.75","Nov 29, 2019","3,154.75","3,155.00","3,139.50","3,143.75",902.19K,-0.23%,0%, $15.50 ,0%
"3,151.12","Nov 28, 2019","3,144.62","3,151.62","3,142.00","3,151.12",-,-0.08%,0%, $9.62 ,0%
"3,153.75","Nov 27, 2019","3,143.75","3,155.00","3,141.75","3,153.75",928.79K,0.32%,0%, $13.25 ,0%
"3,143.75","Nov 26, 2019","3,131.25","3,145.00","3,128.00","3,143.75",1.07M,0.35%,0%, $17.00 ,1%
"3,132.75","Nov 25, 2019","3,119.00","3,133.50","3,116.50","3,132.75",947.83K,0.68%,1%, $17.00 ,1%
"3,111.50","Nov 22, 2019","3,104.00","3,114.50","3,097.75","3,111.50",995.42K,0.24%,0%, $16.75 ,1%
"3,104.00","Nov 21, 2019","3,097.25","3,114.50","3,091.25","3,104.00",1.43M,-0.16%,0%, $23.25 ,1%
"3,109.00","Nov 20, 2019","3,116.50","3,118.50","3,090.75","3,109.00",1.69M,-0.30%,0%, $27.75 ,1%
"3,118.50","Nov 19, 2019","3,121.50","3,132.50","3,112.75","3,118.50",1.20M,-0.10%,0%, $19.75 ,1%
"3,121.75","Nov 18, 2019","3,119.00","3,127.75","3,111.00","3,121.75",1.03M,0.11%,0%, $16.75 ,1%
"3,118.25","Nov 15, 2019","3,097.00","3,119.50","3,095.75","3,118.25",1.25M,0.69%,1%, $23.75 ,1%
"3,097.00","Nov 14, 2019","3,096.25","3,099.75","3,081.75","3,097.00",1.11M,0.05%,0%, $18.00 ,1%
"3,095.50","Nov 13, 2019","3,091.25","3,097.00","3,075.75","3,095.50",1.25M,0.11%,0%, $21.25 ,1%
"3,092.00","Nov 12, 2019","3,087.75","3,102.00","3,081.25","3,092.00",1.10M,0.15%,0%, $20.75 ,1%
"3,087.50","Nov 11, 2019","3,090.50","3,092.25","3,074.50","3,087.50",844.60K,-0.10%,0%, $17.75 ,1%
"3,090.50","Nov 08, 2019","3,086.25","3,092.50","3,072.50","3,090.50",1.08M,0.15%,0%, $20.00 ,1%
"3,086.00","Nov 07, 2019","3,077.25","3,097.00","3,070.25","3,086.00",1.35M,0.34%,0%, $26.75 ,1%
"3,075.50","Nov 06, 2019","3,071.50","3,078.00","3,063.00","3,075.50",1.08M,0.11%,0%, $15.00 ,0%
"3,072.00","Nov 05, 2019","3,076.75","3,085.75","3,069.75","3,072.00",1.12M,-0.12%,0%, $16.00 ,1%
"3,075.75","Nov 04, 2019","3,064.75","3,083.75","3,064.75","3,075.75",1.18M,0.41%,0%, $19.00 ,1%
"3,063.25","Nov 01, 2019","3,036.00","3,065.00","3,033.00","3,063.25",1.28M,0.91%,1%, $32.00 ,1%
"3,035.75","Oct 31, 2019","3,051.75","3,052.00","3,020.25","3,035.75",1.77M,-0.39%,0%, $31.75 ,1%
"3,047.75","Oct 30, 2019","3,036.50","3,055.00","3,023.25","3,047.75",1.18M,0.40%,0%, $31.75 ,1%
"3,035.75","Oct 29, 2019","3,038.25","3,046.25","3,029.50","3,035.75",1.04M,-0.02%,0%, $16.75 ,1%
"3,036.25","Oct 28, 2019","3,023.00","3,042.75","3,022.75","3,036.25",1.04M,0.53%,1%, $20.00 ,1%
"3,020.25","Oct 25, 2019","3,003.75","3,026.50","3,000.00","3,020.25",1.10M,0.53%,1%, $26.50 ,1%
"3,004.25","Oct 24, 2019","3,006.00","3,015.25","2,998.75","3,004.25",1.06M,-0.05%,0%, $16.50 ,1%
"3,005.75","Oct 23, 2019","2,992.00","3,006.00","2,982.00","3,005.75",1.06M,0.38%,0%, $24.00 ,1%
"2,994.50","Oct 22, 2019","3,006.50","3,014.25","2,988.25","2,994.50",1.13M,-0.40%,0%, $26.00 ,1%
"3,006.50","Oct 21, 2019","2,984.75","3,007.50","2,983.75","3,006.50",886.56K,0.61%,1%, $23.75 ,1%
"2,988.25","Oct 18, 2019","2,997.75","3,001.25","2,975.00","2,988.25",1.34M,-0.33%,0%, $26.25 ,1%
"2,998.00","Oct 17, 2019","2,992.25","3,008.00","2,985.25","2,998.00",1.12M,0.22%,0%, $22.75 ,1%
"2,991.50","Oct 16, 2019","2,996.50","2,997.75","2,984.75","2,991.50",1.15M,-0.21%,0%, $13.00 ,0%
"2,997.75","Oct 15, 2019","2,966.75","3,003.25","2,966.50","2,997.75",1.18M,1.09%,1%, $36.75 ,1%
"2,965.50","Oct 14, 2019","2,968.00","2,982.50","2,953.75","2,965.50",833.67K,-0.18%,0%, $28.75 ,1%
"2,970.75","Oct 11, 2019","2,949.00","2,994.00","2,941.75","2,970.75",1.74M,1.01%,1%, $52.25 ,2%
"2,941.00","Oct 10, 2019","2,920.50","2,954.00","2,881.75","2,941.00",1.58M,0.75%,1%, $72.25 ,2%
"2,919.00","Oct 09, 2019","2,893.50","2,934.25","2,888.25","2,919.00",1.31M,0.92%,1%, $46.00 ,2%
"2,892.50","Oct 08, 2019","2,934.50","2,950.00","2,890.50","2,892.50",1.87M,-1.53%,2%, $59.50 ,2%
"2,937.50","Oct 07, 2019","2,929.75","2,959.50","2,928.00","2,937.50",1.27M,-0.46%,0%, $31.50 ,1%
"2,951.00","Oct 04, 2019","2,911.50","2,953.25","2,896.75","2,951.00",1.50M,1.35%,1%, $56.50 ,2%
"2,911.75","Oct 03, 2019","2,883.75","2,912.50","2,855.00","2,911.75",2.04M,1.08%,1%, $57.50 ,2%
"2,880.50","Oct 02, 2019","2,942.25","2,949.00","2,874.00","2,880.50",2.13M,-1.95%,2%, $75.00 ,3%
"2,937.75","Oct 01, 2019","2,984.00","2,994.50","2,937.00","2,937.75",1.60M,-1.37%,1%, $57.50 ,2%
"2,978.50","Sep 30, 2019","2,976.00","2,986.25","2,964.50","2,978.50",1.16M,0.50%,1%, $21.75 ,1%
"2,963.75","Sep 27, 2019","2,979.75","2,993.00","2,946.25","2,963.75",1.67M,-0.56%,1%, $46.75 ,2%
"2,980.50","Sep 26, 2019","2,985.75","2,995.00","2,964.25","2,980.50",1.35M,-0.19%,0%, $30.75 ,1%
"2,986.25","Sep 25, 2019","2,971.00","2,991.75","2,953.75","2,986.25",1.50M,0.54%,1%, $38.00 ,1%
"2,970.25","Sep 24, 2019","3,001.00","3,012.25","2,958.50","2,970.25",1.94M,-0.89%,1%, $53.75 ,2%
"2,997.00","Sep 23, 2019","2,995.75","3,008.25","2,982.00","2,997.00",1.04M,-0.55%,1%, $26.25 ,1%
"3,013.61","Sep 20, 2019","3,005.50","3,015.50","3,001.75","3,013.61",37.79K,0.25%,0%, $13.75 ,0%
"3,006.00","Sep 19, 2019","3,008.00","3,022.25","2,988.75","3,006.00",372.85K,-0.01%,0%, $33.50 ,1%
"3,006.25","Sep 18, 2019","3,006.00","3,011.00","2,978.50","3,006.25",637.34K,0.02%,0%, $32.50 ,1%
"3,005.50","Sep 17, 2019","3,001.75","3,006.50","2,991.50","3,005.50",1.10M,0.22%,0%, $15.00 ,0%
"2,999.00","Sep 16, 2019","2,993.50","3,003.25","2,981.25","2,999.00",1.20M,-0.25%,0%, $22.00 ,1%
"3,006.50","Sep 13, 2019","3,010.00","3,023.75","3,003.50","3,006.50",1.28M,-0.17%,0%, $20.25 ,1%
"3,011.75","Sep 12, 2019","3,003.00","3,021.75","3,001.00","3,011.75",1.75M,0.32%,0%, $20.75 ,1%
"3,002.00","Sep 11, 2019","2,979.00","3,004.25","2,972.00","3,002.00",1.42M,0.79%,1%, $32.25 ,1%
"2,978.50","Sep 10, 2019","2,979.25","2,985.00","2,957.25","2,978.50",1.49M,0.01%,0%, $27.75 ,1%
"2,978.25","Sep 09, 2019","2,980.25","2,991.50","2,969.50","2,978.25",1.20M,-0.08%,0%, $22.00 ,1%
"2,980.75","Sep 06, 2019","2,970.75","2,988.25","2,970.25","2,980.75",1.18M,0.29%,0%, $18.00 ,1%
"2,972.00","Sep 05, 2019","2,938.00","2,986.50","2,936.50","2,972.00",1.67M,1.14%,1%, $50.00 ,2%
"2,938.50","Sep 04, 2019","2,903.00","2,939.50","2,902.00","2,938.50",1.25M,1.12%,1%, $37.50 ,1%
"2,906.00","Sep 03, 2019","2,901.00","2,926.50","2,889.00","2,906.00",2.00M,0.11%,0%, $37.50 ,1%
"2,902.88","Sep 02, 2019","2,909.12","2,926.50","2,890.50","2,902.88",-,-0.21%,0%, $36.00 ,1%
"2,908.88","Sep 01, 2019","2,923.50","2,923.50","2,893.75","2,908.88",-,-0.54%,1%, $29.75 ,1%
"2,924.75","Aug 30, 2019","2,923.25","2,946.50","2,913.25","2,924.75",1.64M,-0.07%,0%, $33.25 ,1%
"2,926.75","Aug 29, 2019","2,883.25","2,930.75","2,875.25","2,926.75",1.49M,1.28%,1%, $55.50 ,2%
"2,889.75","Aug 28, 2019","2,866.25","2,890.50","2,851.75","2,889.75",1.49M,0.85%,1%, $38.75 ,1%
"2,865.50","Aug 27, 2019","2,882.75","2,899.50","2,860.00","2,865.50",1.53M,-0.62%,1%, $39.50 ,1%
"2,883.25","Aug 26, 2019","2,831.00","2,888.50","2,810.25","2,883.25",1.85M,0.97%,1%, $78.25 ,3%
"2,855.50","Aug 23, 2019","2,920.25","2,936.75","2,834.00","2,855.50",2.86M,-2.28%,2%, $102.75 ,4%
"2,922.25","Aug 22, 2019","2,931.25","2,939.75","2,904.25","2,922.25",1.47M,-0.24%,0%, $35.50 ,1%
"2,929.25","Aug 21, 2019","2,893.25","2,932.50","2,893.00","2,929.25",1.18M,1.07%,1%, $39.50 ,1%
"2,898.25","Aug 20, 2019","2,921.25","2,932.25","2,894.25","2,898.25",1.48M,-0.87%,1%, $38.00 ,1%
"2,923.75","Aug 19, 2019","2,893.00","2,932.25","2,892.50","2,923.75",1.29M,1.12%,1%, $39.75 ,1%
"2,891.50","Aug 16, 2019","2,851.00","2,894.75","2,849.50","2,891.50",1.63M,1.51%,2%, $45.25 ,2%
"2,848.50","Aug 15, 2019","2,836.00","2,871.75","2,817.75","2,848.50",2.50M,0.27%,0%, $54.00 ,2%
"2,840.75","Aug 14, 2019","2,931.00","2,936.50","2,835.75","2,840.75",2.79M,-3.11%,3%, $100.75 ,3%
"2,932.00","Aug 13, 2019","2,882.25","2,944.25","2,866.75","2,932.00",2.18M,1.80%,2%, $77.50 ,3%
"2,880.25","Aug 12, 2019","2,918.75","2,931.00","2,872.50","2,880.25",1.71M,-1.35%,1%, $58.50 ,2%
"2,919.75","Aug 09, 2019","2,928.00","2,935.75","2,899.00","2,919.75",2.03M,-0.69%,1%, $36.75 ,1%
"2,940.00","Aug 08, 2019","2,879.00","2,940.75","2,870.50","2,940.00",1.80M,2.07%,2%, $70.25 ,2%
"2,880.50","Aug 07, 2019","2,873.75","2,891.50","2,823.25","2,880.50",2.68M,0.16%,0%, $68.25 ,2%
"2,876.00","Aug 06, 2019","2,816.25","2,883.75","2,775.75","2,876.00",2.60M,1.63%,2%, $108.00 ,4%
"2,830.00","Aug 05, 2019","2,929.25","2,933.50","2,820.50","2,830.00",3.07M,-3.50%,4%, $113.00 ,4%
"2,932.50","Aug 02, 2019","2,950.25","2,961.00","2,913.50","2,932.50",2.45M,-0.66%,1%, $47.50 ,2%
"2,952.00","Aug 01, 2019","2,970.25","3,014.25","2,944.50","2,952.00",2.74M,-1.01%,1%, $69.75 ,2%
"2,982.25","Jul 31, 2019","3,016.25","3,020.75","2,958.00","2,982.25",1.95M,-1.00%,1%, $62.75 ,2%
"3,012.25","Jul 30, 2019","3,022.25","3,027.50","3,001.50","3,012.25",1.18M,-0.31%,0%, $26.00 ,1%
"3,021.75","Jul 29, 2019","3,022.00","3,027.25","3,015.50","3,021.75",823.57K,-0.09%,0%, $11.75 ,0%
"3,024.50","Jul 26, 2019","3,006.50","3,029.50","3,006.00","3,024.50",961.02K,0.60%,1%, $23.50 ,1%
"3,006.50","Jul 25, 2019","3,018.00","3,027.75","2,998.00","3,006.50",1.33M,-0.50%,1%, $29.75 ,1%
"3,021.50","Jul 24, 2019","3,003.00","3,022.00","2,996.00","3,021.50",1.07M,0.45%,0%, $26.00 ,1%
"3,008.00","Jul 23, 2019","2,988.75","3,008.50","2,987.50","3,008.00",1.06M,0.64%,1%, $21.00 ,1%
"2,989.00","Jul 22, 2019","2,974.50","2,993.50","2,972.50","2,989.00",1.10M,0.40%,0%, $21.00 ,1%
"2,977.00","Jul 19, 2019","3,003.75","3,009.75","2,969.50","2,977.00",1.48M,-0.68%,1%, $40.25 ,1%
"2,997.50","Jul 18, 2019","2,980.75","3,005.25","2,974.50","2,997.50",1.35M,0.42%,0%, $30.75 ,1%
"2,985.00","Jul 17, 2019","3,005.75","3,013.00","2,980.50","2,985.00",1.04M,-0.73%,1%, $32.50 ,1%
"3,007.00","Jul 16, 2019","3,017.25","3,021.75","3,004.50","3,007.00",939.81K,-0.34%,0%, $17.25 ,1%
